Artist_ID__c,Title__c,Picture__c,Record_Label__c,Type__c,Release_Date__c,External_ID__c,Total_Tracks__c,Genre__c
00FQb4jTyendYWaN8pK0wa,Born To Die,https://i.scdn.co/image/ab67616d0000b273a1c37f3fd969287c03482c3b,Polydor Records,Album,"2012-01-30",4X8hAqIWpQyQks2yRhyqs4,13,Alternative/Indie
00FQb4jTyendYWaN8pK0wa,Norman Fucking Rockwell!,https://i.scdn.co/image/ab67616d0000b273879e9318cb9f4e05ee552ac9,,Album,"2019-08-30",5XpEKORZ4y6OrCZSKsi46A,14,Alternative/Indie
00FQb4jTyendYWaN8pK0wa,Ultraviolence,https://i.scdn.co/image/ab67616d0000b2731624590458126fc8b8c64c2f,Polydor Records,Album,"2014-01-01",1ORxRsK3MrSLvh7VQTF01F,14,Alternative/Indie
00FQb4jTyendYWaN8pK0wa,Honeymoon,https://i.scdn.co/image/ab67616d0000b273a3b3f48ca81acacb3ad4ec8a,Polydor Records,Album,"2015-09-18",2DpEBrjCur1ythIZ10gJWw,14,Alternative/Indie
00FQb4jTyendYWaN8pK0wa,Lust for Life,https://i.scdn.co/image/ab67616d0000b27395e2fd1accb339fa14878190,Polydor Records,Album,"2017-07-21",7xYiTrbTL57QO0bb4hXIKo,16,Alternative/Indie
3yY2gUcIsjMr8hjo51PoJ8,Hatful of Hollow,https://i.scdn.co/image/ab67616d0000b273786b44c75ebf915866523f5b,Rough Trade,Compilation,"1984-11-12",1j57Q5ntVi7crpibb0h4sv,16,Alternative/Indie
3yY2gUcIsjMr8hjo51PoJ8,The Smiths,https://i.scdn.co/image/ab67616d0000b273a09b231129ab1cb1a6efc57f,Rough Trade,Album,"1984-02-20",6cI1XoZsOhkyrCwtuI70CN,11,Alternative/Indie
3yY2gUcIsjMr8hjo51PoJ8,Meat Is Murder,https://i.scdn.co/image/ab67616d0000b273ac345598e7697a319cb5b460,Rough Trade,Album,"1985-02-11",5DM1qCdgGt2zbknnsVn1Ca,9,Alternative Rock
3yY2gUcIsjMr8hjo51PoJ8,The Queen Is Dead,https://i.scdn.co/image/ab67616d0000b273ada101c2e9e97feb8fae37a9,Rough Trade,Album,"1986-06-16",0vlgxCvO6LQXTR06b8r2rj,10,Alternative Rock
3yY2gUcIsjMr8hjo51PoJ8,Louder Than Bombs,https://i.scdn.co/image/ab67616d0000b273ed3953f8af1f764a146b7583,Rough Trade,Compilation,"1987-03-01",45StnugV9WQMQwk4rRoTy8,,Alternative Rock
3yY2gUcIsjMr8hjo51PoJ8,The World Won't Listen,https://i.scdn.co/image/ab67616d0000b2735eb3236d77173121d6f56ddd,Rough Trade,Compilation,"1987-02-23",2clbQSNocEJCzkuPPuc00q,18,Alternative Rock
3yY2gUcIsjMr8hjo51PoJ8,"Strangeways, Here We Come",https://i.scdn.co/image/ab67616d0000b2736d965be72ad1bceb7f2bd089,Rough Trade,Album,"1987-09-28",7jfexk2w5aDI25njkN0UGg,10,Alternative Rock
4Z8W4fKeB5YxbusRsdQVPb,The Bends,https://i.scdn.co/image/ab67616d0000b2739293c743fa542094336c5e12,Parlophone,Album,"1995-03-13",35UJLpClj5EDrhpNIi4DFg,12,Alternative Rock
4Z8W4fKeB5YxbusRsdQVPb,OK Computer,https://i.scdn.co/image/ab67616d00001e02c8b444df094279e70d0ed856,Parlophone,Album,"1997-05-28",6dVIqQ8qmQ5GBnJ9shOYGE,12,Alternative Rock
4Z8W4fKeB5YxbusRsdQVPb,Kid A,https://i.scdn.co/image/ab67616d0000b2736c7112082b63beefffe40151,,Album,"2000-10-02",6GjwtEZcfenmOf6l18N7T7,11,Experimental rock
4Z8W4fKeB5YxbusRsdQVPb,Amnesiac,https://i.scdn.co/image/ab67616d0000b273863e0e305637100311c91aa7,,Album,"2001-03-12",1HrMmB5useeZ0F5lHrMvl0,11,Experimental rock
4Z8W4fKeB5YxbusRsdQVPb,In Rainbows,https://i.scdn.co/image/ab67616d00001e02de3c04b5fc750b68899b20a9,,Album,"2007-12-28",5vkqYmiPBYLaalcmjujWxK,10,Alternative Rock
4Z8W4fKeB5YxbusRsdQVPb,A Moon Shaped Pool,https://i.scdn.co/image/ab67616d0000b27345643f5cf119cbc9d2811c22,,Album,"2016-05-08",2ix8vWvvSp2Yo7rKMiWpkg,11,Alternative Rock
0epOFNiUfyON9EYx7Tpr6V,Is This It,https://i.scdn.co/image/ab67616d0000b27313f2466b83507515291acce4,RCA Records,Album,"2001-07-30",2yNaksHgeMQM9Quse463b5,11,Alternative/Indie
0epOFNiUfyON9EYx7Tpr6V,Room On Fire,https://i.scdn.co/image/ab67616d0000b2730f35726025e0f025da4c688f,RCA Records,Album,"2003-10-28",3HFbH1loOUbqCyPsLuHLLh,11,Alternative/Indie
0epOFNiUfyON9EYx7Tpr6V,The New Abnormal,https://i.scdn.co/image/ab67616d0000b273bfa99afb5ef0d26d5064b23b,RCA Records,Album,"2020-04-10",2xkZV2Hl1Omi8rk2D7t5lN,9,Alternative/Indie
0oSGxfWSnnOXhD2fKuz2Gy,Station to Station (2016 Remaster),https://i.scdn.co/image/ab67616d0000b2738f3cdfeac0678371b16f601d,,,"1976-01-23",0MWrKayUshRuT8maG4ZAOU,6,Rock
22WZ7M8sxp5THdruNY3gXt,The Doors,https://i.scdn.co/image/ab67616d0000b2735b96a8c5d61be8878452f8f1,Elektra,Album,"1967-01-04",1jWmEhn3ggaL6isoyLfwBn,11,Psychedelic rock
3AA28KZvwAUcZuOKwyblJQ,Gorillaz,https://i.scdn.co/image/ab67616d0000b273c73a7bb15f43bae86215934b,,Album,"2001-03-26",0YvYmLBFFwYxgI4U9KKgUm,15,Alternative Rock
3AA28KZvwAUcZuOKwyblJQ,Demon Days,https://i.scdn.co/image/ab67616d0000b27319d85a472f328a6ed9b704cf,Parlophone,Album,"2005-05-23",0bUTHlWbkSQysoM3VsWldT,15,Alternative Rock
3iTsJGG39nMg9YiolUgLMQ,Viva Hate,https://i.scdn.co/image/ab67616d0000b273b933708d019e41c5c94110c9,,Album,"1988-03-15",0s5wo4mTZ5bJAgqiPBO3ou,12,Alternative Rock
3iTsJGG39nMg9YiolUgLMQ,Bona Drag,https://i.scdn.co/image/ab67616d0000b2738609a2ac949cf0bf0f183def,,Album,"1990-10-15",3mKTLdYh5mS3is1LbPsB2P,20,Alternative Rock
3iTsJGG39nMg9YiolUgLMQ,Your Arsenal,https://i.scdn.co/image/ab67616d0000b273f23124438685aec656fff3b6,,Album,"1992-07-27",5gg79cLcpB2vhjWr53Te2X,10,Glam Rock
3iTsJGG39nMg9YiolUgLMQ,Vauxhall and I,https://i.scdn.co/image/ab67616d0000b27333c5e16084608319750d1627,,Album,"1994-03-14",6f5NJs3LRq8IvKnAiHgdvk,,Alternative Rock
3iTsJGG39nMg9YiolUgLMQ,Southpaw Grammar,https://i.scdn.co/image/ab67616d0000b2739e9299bc3524ab64db7a6d76,,Album,"1995-09-01",2VCMJuj20y7mYlhKMyCFMC,,Alternative Rock
3iTsJGG39nMg9YiolUgLMQ,Maladjusted,https://i.scdn.co/image/ab67616d0000b2734a30052c1ad81ec63e6d0d73,,Album,"1997-01-01",7ADkbjCu7brKPFXTLAqCmf,,Alternative Rock
3iTsJGG39nMg9YiolUgLMQ,You Are the Quarry,https://i.scdn.co/image/ab67616d0000b273824698ad9de5d37af40521b9,,Album,"2004-05-03",0Lm2IOzemQ5aQqDGge3xVB,,Rock
432R46LaYsJZV2Gmc4jUV5,Unknown Pleasures,https://i.scdn.co/image/ab67616d0000b27327cc8b0ed297111f53009772,,Album,"1979-06-15",5Dgqy4bBg09Rdw7CQM545s,,Post Punk
432R46LaYsJZV2Gmc4jUV5,Closer,https://i.scdn.co/image/ab67616d0000b2732a6822eba903a21913896ab1,,Album,"1980-07-18",0KBdfMTMxi0oD1oVqApTjr,,Post Punk
74XFHRwlV6OrjEM0A2NCMF,Riot!,https://i.scdn.co/image/ab67616d0000b273bee754528c08d5ff6799a1eb,,Album,"2007-06-11",71rziY9eLo1tA2dBMxrwhc,,Pop Punk
74XFHRwlV6OrjEM0A2NCMF,Paramore,https://i.scdn.co/image/ab67616d0000b273532033d0d90736f661c13d35,,Album,"2013-04-05",4sgYpkIASM1jVlNC8Wp9oF,,Pop Punk
74XFHRwlV6OrjEM0A2NCMF,Brand New Eyes,https://i.scdn.co/image/ab67616d0000b273e01d7d558032457b0e4883f6,Fueled by Ramen,Album,"2009-09-28",27UqZoE1kV6sIV6uQcI28A,12,Pop Punk
42TFhl7WlMRXiNqzSrnzPL,Transformer,https://i.scdn.co/image/ab67616d0000b273d55149748dca0e5a1f40778e,RCA Victor,Album,"1972-11-08",5SqbMEyAt8332ISGiLX0St,11,Glam Rock
4F84IBURUo98rz4r61KF70,The White Stripes,https://i.scdn.co/image/ab67616d0000b27397af99ec55e6cb4305977c68,Sympathy for the Record Industry,Album,"1999-06-15",4Nemfc7fJzJmmqhBQ8khhj,17,Rock
4F84IBURUo98rz4r61KF70,White Blood Cells,https://i.scdn.co/image/ab67616d0000b273c6084929566743530de8c721,Sympathy for the Record Industry,Album,"2001-07-03",6Xvc1TfpVEhDeHhmTQEtp0,16,Rock
4F84IBURUo98rz4r61KF70,Elephant,https://i.scdn.co/image/ab67616d0000b273a69f71a8794e2d867a52f98f,V2,Album,"2003-04-01",6D9urpsOWWKtYvF6PaorGE,14,Rock
2x9SpqnPi8rlE9pjHBwmSC,Fear of Music,https://i.scdn.co/image/ab67616d0000b273874328096de13649dd64c790,Sire,Album,"1979-08-03",4OLsnJQPTX0S6lODXw1MqC,11,New Wave
762310PdDnwsDxAQxzQkfX,Violator,https://i.scdn.co/image/ab67616d0000b273e707486d41953219b30524b8,Mute,Album,"1990-03-19",1v6DV6Bt0kDsX1Vd1f7CEe,9,Synth Pop
3dBVyJ7JuOMt4GE9607Qin,The Slider,https://i.scdn.co/image/ab67616d0000b27305657aedd93e64aef6cf3973,T.REX,Album,"1972-07-21",3Dg3quPRLDCsEqnzgPl6PE,13,Glam Rock
2x9SpqnPi8rlE9pjHBwmSC,True Stories,https://i.scdn.co/image/ab67616d0000b273851ebc64ba218563cbc1fa99,Sire,Album,"1986-09-15",5PvkD4XryLL9oC4NFItYIM,12,New wave

